{"has_child":1,"home_url":"http:\/\/54.186.124.188","child_file":{"54.186.124.188_wpvivid-6078c30f78f4e_2021-04-15-22-49_backup_plugin.zip":{"file_type":"plugin","plugin":{"akismet":{"slug":"akismet","size":238756},"all-in-one-wp-migration":{"slug":"all-in-one-wp-migration","size":1147166},"all-in-one-seo-pack":{"slug":"all-in-one-seo-pack","size":10772211},"amp":{"slug":"amp","size":4967359},"amazon-polly":{"slug":"amazon-polly","size":31043325},"widget-for-eventbrite-api":{"slug":"widget-for-eventbrite-api","size":4745624},"template-events-calendar":{"slug":"template-events-calendar","size":3618826},"google-analytics-for-wordpress":{"slug":"google-analytics-for-wordpress","size":8503495},"import-eventbrite-events":{"slug":"import-eventbrite-events","size":1596598},"jetpack":{"slug":"jetpack","size":21741565},"kadence-blocks":{"slug":"kadence-blocks","size":17388926},"kadence-starter-templates":{"slug":"kadence-starter-templates","size":705600},"show-hidecollapse-expand":{"slug":"show-hidecollapse-expand","size":495405},"simple-tags":{"slug":"simple-tags","size":1389092},"the-events-calendar":{"slug":"the-events-calendar","size":26494206},"countdown-for-the-events-calendar":{"slug":"countdown-for-the-events-calendar","size":151826},"ultimate-addons-for-gutenberg":{"slug":"ultimate-addons-for-gutenberg","size":15439462},"wordpress-importer":{"slug":"wordpress-importer","size":85846},"wpforms-lite":{"slug":"wpforms-lite","size":14204107},"wp-mail-smtp":{"slug":"wp-mail-smtp","size":10003249}},"root_flag":"wp-content","file":"54.186.124.188_wpvivid-6078c30f78f4e_2021-04-15-22-49_backup_plugin.zip","php_version":"7.4.15","mysql_version":"8.0.23"}},"root_flag":"custom","file":"54.186.124.188_wpvivid-6078c30f78f4e_2021-04-15-22-49_backup_all.part001.zip","php_version":"7.4.15","mysql_version":"8.0.23"}